{
  "per_seed": {
    "0": {
      "persistence": {
        "1": {
          "mean": 0.46709087251691644,
          "std": 0.5012139401320391
        },
        "3": {
          "mean": 0.7652516728620125,
          "std": 0.558241351548712
        },
        "5": {
          "mean": 0.947489890767858,
          "std": 0.5919722201624947
        },
        "10": {
          "mean": 1.282775582188095,
          "std": 0.6559822102209767
        }
      },
      "gLV-L2": {
        "1": {
          "mean": 0.41555670019653107,
          "std": 0.40935207242153315
        },
        "3": {
          "mean": 0.5662171686689059,
          "std": 0.3797440544838376
        },
        "5": {
          "mean": 0.6110474915091508,
          "std": 0.3473288544510744
        },
        "10": {
          "mean": 0.6718981023123062,
          "std": 0.2812103127301119
        }
      },
      "gLV-net": {
        "1": {
          "mean": 0.3066160080333551,
          "std": 0.3313615796063768
        },
        "3": {
          "mean": 0.4321066907856589,
          "std": 0.3434051910857465
        },
        "5": {
          "mean": 0.48860198676196576,
          "std": 0.34549544114872677
        },
        "10": {
          "mean": 0.5743634564132473,
          "std": 0.33293400640708953
        }
      }
    },
    "1": {
      "persistence": {
        "1": {
          "mean": 0.43542998839242786,
          "std": 0.46952518983443786
        },
        "3": {
          "mean": 0.7206622832010384,
          "std": 0.5441550240042556
        },
        "5": {
          "mean": 0.8944208331941779,
          "std": 0.5590404037165434
        },
        "10": {
          "mean": 1.2254141200017306,
          "std": 0.6368399256444001
        }
      },
      "gLV-L2": {
        "1": {
          "mean": 0.37442588017510825,
          "std": 0.37074778275049636
        },
        "3": {
          "mean": 0.4965893103941983,
          "std": 0.35715475218402193
        },
        "5": {
          "mean": 0.5274182695091939,
          "std": 0.3155302106380217
        },
        "10": {
          "mean": 0.5823558403580796,
          "std": 0.23742884587122978
        }
      },
      "gLV-net": {
        "1": {
          "mean": 0.2856247678959097,
          "std": 0.33072590863560647
        },
        "3": {
          "mean": 0.38734971034565785,
          "std": 0.3144032521606515
        },
        "5": {
          "mean": 0.4322304079637808,
          "std": 0.309698439085081
        },
        "10": {
          "mean": 0.5153848896326583,
          "std": 0.31892171623519944
        }
      }
    },
    "2": {
      "persistence": {
        "1": {
          "mean": 0.470747079706623,
          "std": 0.49890231969334936
        },
        "3": {
          "mean": 0.7591569089129859,
          "std": 0.5518087929327943
        },
        "5": {
          "mean": 0.9201743618919959,
          "std": 0.5817579085069245
        },
        "10": {
          "mean": 1.2250275727288396,
          "std": 0.6388173915218609
        }
      },
      "gLV-L2": {
        "1": {
          "mean": 0.40820684501402127,
          "std": 0.3974949907529175
        },
        "3": {
          "mean": 0.5250017514707995,
          "std": 0.3742586681809328
        },
        "5": {
          "mean": 0.5543768691665986,
          "std": 0.33076284411438595
        },
        "10": {
          "mean": 0.597478115032701,
          "std": 0.2555530060899759
        }
      },
      "gLV-net": {
        "1": {
          "mean": 0.3126968080263122,
          "std": 0.34763506509178654
        },
        "3": {
          "mean": 0.4264891063757971,
          "std": 0.3335791247170372
        },
        "5": {
          "mean": 0.47185084408794353,
          "std": 0.30874355109583607
        },
        "10": {
          "mean": 0.5547511672710671,
          "std": 0.2829135986246546
        }
      }
    }
  },
  "summary": {
    "persistence": {
      "1": {
        "mean": 0.4577559802053224,
        "std": 0.4898804832199421,
        "seed_std": 0.015857267431172627
      },
      "3": {
        "mean": 0.7483569549920123,
        "std": 0.5514017228285873,
        "seed_std": 0.01974052804268265
      },
      "5": {
        "mean": 0.9206950286180106,
        "std": 0.5775901774619876,
        "seed_std": 0.0216684800008265
      },
      "10": {
        "mean": 1.2444057583062218,
        "std": 0.6438798424624126,
        "seed_std": 0.027132021588804477
      }
    },
    "gLV-L2": {
      "1": {
        "mean": 0.39939647512855353,
        "std": 0.39253161530831565,
        "seed_std": 0.017910016788522498
      },
      "3": {
        "mean": 0.5292694101779679,
        "std": 0.37038582494959743,
        "seed_std": 0.028585186666189484
      },
      "5": {
        "mean": 0.5642808767283145,
        "std": 0.33120730306782736,
        "seed_std": 0.034852342985959246
      },
      "10": {
        "mean": 0.6172440192343623,
        "std": 0.2580640548971059,
        "seed_std": 0.03913627810315957
      }
    },
    "gLV-net": {
      "1": {
        "mean": 0.3016458613185256,
        "std": 0.33657418444459,
        "seed_std": 0.011597430979337011
      },
      "3": {
        "mean": 0.415315169169038,
        "std": 0.3304625226544784,
        "seed_std": 0.01990710893210608
      },
      "5": {
        "mean": 0.46422774627123004,
        "std": 0.32131247710988126,
        "seed_std": 0.02363644698754278
      },
      "10": {
        "mean": 0.5481665044389908,
        "std": 0.31158977375564784,
        "seed_std": 0.02452394983592153
      }
    }
  },
  "config": {
    "n_subjects": 30,
    "T": 60,
    "horizons": [
      1,
      3,
      5,
      10
    ],
    "seeds": [
      0,
      1,
      2
    ]
  }
}